customer_id,is_paying_customer,returning_customer,completed_orders_count,total_orders_count,total_orders_value,date_created_utc
259,false,No,,,,2023-06-02 16:07:13.000000 UTC
640,false,No,,,,2024-08-02 10:36:43.000000 UTC
772,false,No,,,,2024-12-27 05:13:51.000000 UTC
963,false,No,,,,2025-11-23 22:04:49.000000 UTC
846,false,No,,,,2025-04-19 22:55:29.000000 UTC
650,false,No,,,,2024-08-03 01:02:53.000000 UTC
935,false,No,,,,2025-09-21 17:24:55.000000 UTC
64,false,No,,,,2021-08-11 09:50:57.000000 UTC
637,false,No,,,,2024-08-02 10:35:36.000000 UTC
326,false,No,,,,2023-07-21 09:27:48.000000 UTC
254,false,No,,,,2023-05-27 12:57:31.000000 UTC
636,false,No,,,,2024-08-02 10:35:02.000000 UTC
648,false,No,,,,2024-08-02 10:44:35.000000 UTC
474,false,No,,,,2023-12-16 16:28:16.000000 UTC
635,false,No,,,,2024-08-02 10:34:27.000000 UTC
847,false,No,,,,2025-04-19 22:55:49.000000 UTC
642,false,No,,,,2024-08-02 10:39:02.000000 UTC
651,false,No,,,,2024-08-03 01:03:18.000000 UTC
845,false,No,,,,2025-04-19 22:52:40.000000 UTC
633,false,No,,,,2024-08-02 10:32:09.000000 UTC
634,false,No,,,,2024-08-02 10:33:52.000000 UTC
358,false,No,,,,2023-08-11 16:49:11.000000 UTC
644,false,No,,,,2024-08-02 10:39:04.000000 UTC
210,false,No,,,,2023-04-12 06:04:51.000000 UTC
647,false,No,,,,2024-08-02 10:44:03.000000 UTC
639,false,No,,,,2024-08-02 10:36:41.000000 UTC
861,false,No,,,,2025-05-07 13:56:03.000000 UTC
652,false,No,,,,2024-08-03 01:03:24.000000 UTC
641,false,No,,,,2024-08-02 10:38:24.000000 UTC
535,false,No,,,,2024-03-13 01:03:16.000000 UTC
646,false,No,,,,2024-08-02 10:43:30.000000 UTC
285,false,No,,,,2023-06-27 11:54:58.000000 UTC
689,false,No,,,,2024-10-01 19:47:05.000000 UTC
404,false,No,,,,2023-09-29 15:05:20.000000 UTC
804,false,No,,,,2025-02-14 11:51:58.000000 UTC
653,false,No,,,,2024-08-03 01:03:28.000000 UTC
649,false,No,,,,2024-08-03 01:01:39.000000 UTC
568,false,No,,,,2024-04-30 13:57:36.000000 UTC
849,false,No,,,,2025-04-19 22:56:43.000000 UTC
563,false,No,,,,2024-04-21 08:54:18.000000 UTC
643,false,No,,,,2024-08-02 10:39:03.000000 UTC
848,false,No,,,,2025-04-19 22:56:13.000000 UTC
458,false,No,,,,2023-12-08 17:57:26.000000 UTC
645,false,No,,,,2024-08-02 10:42:57.000000 UTC
638,false,No,,,,2024-08-02 10:36:08.000000 UTC
569,false,No,,,,2024-04-30 14:33:48.000000 UTC
843,false,No,,,,2025-04-18 08:28:16.000000 UTC
961,true,No,0,1,85.07,2025-11-20 23:38:41.000000 UTC
1002,true,No,0,1,62.0,2025-12-17 21:02:39.000000 UTC
931,true,No,0,1,262.0,2025-09-08 16:58:06.000000 UTC
397,false,No,0,1,86.5,2023-09-18 09:46:49.000000 UTC
936,true,No,0,1,42.0,2025-09-22 22:50:57.000000 UTC
926,true,No,0,1,89.0,2025-08-30 10:03:53.000000 UTC
997,true,No,0,1,68.0,2025-12-16 10:20:34.000000 UTC
977,true,No,0,1,103.0,2025-12-08 11:50:47.000000 UTC
993,true,No,0,1,119.0,2025-12-14 14:58:51.000000 UTC
889,true,No,0,1,151.0,2025-06-22 20:33:43.000000 UTC
411,false,No,0,1,57.0,2023-10-13 14:46:20.000000 UTC
932,true,No,0,1,102.0,2025-09-09 19:02:35.000000 UTC
976,true,No,0,1,66.0,2025-12-07 20:19:23.000000 UTC
1016,true,No,0,1,236.53,2026-01-16 09:49:31.000000 UTC
680,false,No,0,1,53.0,2024-09-15 17:10:47.000000 UTC
904,true,No,0,1,60.0,2025-07-21 08:56:19.000000 UTC
902,true,No,0,1,46.0,2025-07-14 20:02:13.000000 UTC
901,true,No,0,1,180.0,2025-07-14 17:23:39.000000 UTC
916,true,No,0,1,95.0,2025-08-09 17:51:26.000000 UTC
1005,true,No,0,1,183.14,2025-12-19 16:08:09.000000 UTC
907,true,No,0,1,37.0,2025-07-23 15:29:42.000000 UTC
965,true,No,0,1,28.0,2025-11-26 16:03:21.000000 UTC
953,true,No,0,1,25.0,2025-10-30 08:40:01.000000 UTC
1028,false,No,0,1,300.0,2026-02-03 15:47:27.000000 UTC
968,true,No,0,1,80.0,2025-11-30 11:05:07.000000 UTC
975,true,No,0,1,99.0,2025-12-06 11:00:27.000000 UTC
321,true,No,0,1,47.0,2023-07-17 13:07:50.000000 UTC
206,true,No,0,1,67.0,2023-03-28 17:16:59.000000 UTC
486,false,No,0,1,234.0,2023-12-21 10:30:50.000000 UTC
1033,true,No,0,1,137.0,2026-02-19 07:49:31.000000 UTC
974,true,No,0,1,88.0,2025-12-05 11:56:17.000000 UTC
903,true,No,0,1,150.0,2025-07-15 20:15:24.000000 UTC
546,false,No,0,1,116.0,2024-03-23 14:20:48.000000 UTC
396,true,No,0,1,98.5,2023-09-17 08:00:39.000000 UTC
967,true,No,0,1,108.5,2025-11-29 12:19:48.000000 UTC
989,true,No,0,1,88.0,2025-12-13 15:15:56.000000 UTC
990,true,No,0,1,84.0,2025-12-14 00:33:53.000000 UTC
971,true,No,0,1,87.0,2025-12-02 18:11:17.000000 UTC
956,true,No,0,1,40.0,2025-11-04 14:20:31.000000 UTC
962,true,No,0,1,99.0,2025-11-22 21:53:33.000000 UTC
217,true,No,0,1,41.5,2023-04-19 13:10:30.000000 UTC
910,true,No,0,1,106.0,2025-07-27 12:30:02.000000 UTC
751,false,No,0,1,300.0,2024-12-13 16:06:44.000000 UTC
677,true,No,0,1,53.0,2024-09-14 17:13:09.000000 UTC
1003,true,No,0,1,66.0,2025-12-18 08:04:02.000000 UTC
924,true,No,0,1,111.0,2025-08-21 20:34:03.000000 UTC
979,true,No,0,1,82.0,2025-12-09 18:44:55.000000 UTC
817,true,No,0,1,90.0,2025-02-27 21:17:11.000000 UTC
987,true,No,0,1,99.0,2025-12-13 11:42:58.000000 UTC
822,false,No,0,1,112.5,2025-03-04 17:08:37.000000 UTC
920,true,No,0,1,81.0,2025-08-11 17:59:21.000000 UTC
999,true,No,0,1,111.0,2025-12-16 19:12:42.000000 UTC
978,true,No,0,1,84.0,2025-12-09 09:55:15.000000 UTC
908,true,No,0,1,33.0,2025-07-24 11:43:15.000000 UTC
984,true,No,0,1,360.0,2025-12-12 10:47:29.000000 UTC
581,false,No,0,1,536.6,2024-05-14 16:47:54.000000 UTC
573,true,No,0,1,57.0,2024-05-05 11:51:57.000000 UTC
986,true,No,0,1,117.0,2025-12-13 10:44:38.000000 UTC
982,true,No,0,1,83.0,2025-12-10 21:09:30.000000 UTC
533,false,No,0,1,61.0,2024-03-06 21:52:08.000000 UTC
925,true,No,0,1,25.0,2025-08-28 04:07:39.000000 UTC
995,true,No,0,1,272.0,2025-12-14 23:59:42.000000 UTC
933,false,No,0,1,73.0,2025-09-11 10:46:08.000000 UTC
964,true,No,0,1,96.0,2025-11-24 14:54:17.000000 UTC
897,true,No,0,1,109.0,2025-07-06 15:08:21.000000 UTC
985,true,No,0,1,146.66,2025-12-12 16:53:44.000000 UTC
983,true,No,0,1,188.0,2025-12-11 11:49:05.000000 UTC
169,false,No,0,1,142.5,2023-02-03 16:35:22.000000 UTC
394,true,No,0,1,390.0,2023-09-15 08:34:40.000000 UTC
763,false,No,0,1,50.0,2024-12-18 17:56:02.000000 UTC
1006,false,No,0,1,272.0,2025-12-20 12:09:31.000000 UTC
353,false,No,0,1,1000.6,2023-08-08 23:41:17.000000 UTC
998,true,No,0,1,53.0,2025-12-16 18:50:12.000000 UTC
955,true,No,0,1,93.0,2025-11-03 23:46:30.000000 UTC
949,true,No,0,1,153.0,2025-10-23 11:56:04.000000 UTC
703,false,No,0,1,294.0,2024-10-29 09:17:42.000000 UTC
614,true,No,0,1,52.0,2024-07-04 22:04:33.000000 UTC
918,true,No,0,1,192.0,2025-08-10 13:18:21.000000 UTC
919,true,No,0,1,36.0,2025-08-11 11:47:27.000000 UTC
941,true,No,0,1,93.0,2025-10-05 16:50:02.000000 UTC
1001,true,No,0,1,111.0,2025-12-17 19:37:18.000000 UTC
960,true,No,0,1,58.0,2025-11-20 18:56:43.000000 UTC
958,true,No,0,1,144.0,2025-11-20 09:39:14.000000 UTC
954,true,No,0,1,116.0,2025-11-02 21:40:54.000000 UTC
1009,true,No,0,1,116.0,2026-01-02 11:19:46.000000 UTC
900,true,No,0,1,29.0,2025-07-12 08:34:41.000000 UTC
594,false,No,0,1,196.0,2024-06-06 16:09:13.000000 UTC
966,true,No,0,1,73.0,2025-11-29 11:52:56.000000 UTC
972,true,No,0,1,115.0,2025-12-04 13:28:51.000000 UTC
969,true,No,0,1,110.0,2025-11-30 19:34:06.000000 UTC
938,true,No,0,1,28.0,2025-09-24 06:20:41.000000 UTC
970,true,No,0,1,89.07,2025-12-01 07:40:23.000000 UTC
736,false,No,0,1,120.0,2024-12-05 18:12:52.000000 UTC
992,true,No,0,1,110.0,2025-12-14 14:58:42.000000 UTC
912,true,No,0,1,118.0,2025-07-30 17:18:25.000000 UTC
742,false,No,0,1,84.0,2024-12-10 20:28:33.000000 UTC
502,false,No,0,1,1381.19,2024-01-24 15:35:16.000000 UTC
939,true,No,0,1,128.0,2025-09-26 09:35:17.000000 UTC
981,true,No,0,1,68.0,2025-12-10 16:13:01.000000 UTC
887,false,No,0,1,72.0,2025-06-21 17:17:03.000000 UTC
929,true,No,0,1,118.0,2025-09-02 14:22:48.000000 UTC
1004,true,No,0,1,52.0,2025-12-19 08:55:22.000000 UTC
934,true,No,0,1,54.0,2025-09-21 12:17:52.000000 UTC
352,false,No,0,1,194.45,2023-08-08 21:51:07.000000 UTC
917,true,No,0,1,121.5,2025-08-09 21:27:43.000000 UTC
951,true,No,0,1,155.0,2025-10-27 13:14:19.000000 UTC
257,true,No,0,1,60.0,2023-05-31 14:31:13.000000 UTC
928,true,No,0,1,52.0,2025-09-02 09:57:48.000000 UTC
505,true,No,0,1,266.7,2024-01-30 15:43:20.000000 UTC
994,true,No,0,1,118.0,2025-12-14 18:25:25.000000 UTC
940,false,No,0,1,66.0,2025-10-03 16:35:11.000000 UTC
944,true,No,0,1,62.0,2025-10-10 14:37:46.000000 UTC
613,true,No,0,1,52.0,2024-07-04 10:17:50.000000 UTC
980,true,No,0,1,160.0,2025-12-09 21:36:28.000000 UTC
950,true,No,0,1,12.0,2025-10-26 14:03:41.000000 UTC
923,true,No,0,1,38.0,2025-08-16 11:24:13.000000 UTC
952,true,No,0,1,212.0,2025-10-27 21:09:54.000000 UTC
582,false,No,0,1,774.0,2024-05-14 16:54:51.000000 UTC
991,true,No,0,1,80.0,2025-12-14 13:53:25.000000 UTC
1015,true,No,0,1,148.78,2026-01-15 05:33:47.000000 UTC
921,true,No,0,1,60.0,2025-08-13 10:52:35.000000 UTC
973,true,No,0,1,89.5,2025-12-05 00:49:51.000000 UTC
942,true,No,0,1,118.0,2025-10-06 08:54:57.000000 UTC
996,true,No,0,1,33.0,2025-12-15 14:06:02.000000 UTC
299,true,No,1,1,0.0,2023-07-03 17:51:54.000000 UTC
340,true,No,1,1,16.5,2023-08-01 08:36:46.000000 UTC
487,true,No,1,1,17.1,2023-12-21 12:28:02.000000 UTC
825,true,No,1,1,18.0,2025-03-16 11:49:18.000000 UTC
377,true,No,1,1,19.0,2023-08-29 12:38:04.000000 UTC
707,true,No,1,1,21.0,2024-10-31 14:04:39.000000 UTC
874,true,No,1,1,22.5,2025-05-28 13:42:09.000000 UTC
212,true,No,1,1,23.0,2023-04-14 11:13:34.000000 UTC
945,true,No,1,1,24.0,2025-10-18 16:10:23.000000 UTC
360,true,No,1,1,24.0,2023-08-13 15:44:21.000000 UTC
468,true,No,1,1,24.5,2023-12-14 09:35:25.000000 UTC
384,true,No,1,1,25.0,2023-09-05 18:59:18.000000 UTC
1018,true,No,1,1,25.0,2026-01-17 06:14:18.000000 UTC
812,true,No,1,1,25.0,2025-02-24 14:12:57.000000 UTC
545,false,No,1,1,25.0,2024-03-22 21:05:11.000000 UTC
488,true,No,1,1,25.0,2023-12-21 17:31:39.000000 UTC
417,true,No,1,1,25.5,2023-10-22 15:07:34.000000 UTC
623,true,No,1,1,26.0,2024-07-21 14:06:00.000000 UTC
628,true,No,1,1,26.0,2024-07-27 08:16:33.000000 UTC
527,true,No,1,1,26.0,2024-02-26 22:27:42.000000 UTC
534,true,No,1,1,26.0,2024-03-12 10:28:20.000000 UTC
424,true,No,1,1,26.5,2023-10-30 09:32:09.000000 UTC
479,true,No,1,1,26.5,2023-12-18 09:53:45.000000 UTC
787,true,No,1,1,27.0,2025-01-19 22:19:34.000000 UTC
851,true,No,1,1,27.0,2025-04-21 15:28:43.000000 UTC
756,true,No,1,1,27.0,2024-12-16 20:04:53.000000 UTC
824,true,No,1,1,27.5,2025-03-11 22:00:24.000000 UTC
1023,true,No,1,1,28.0,2026-01-26 12:30:50.000000 UTC
462,true,No,1,1,28.5,2023-12-11 16:19:16.000000 UTC
1031,true,No,1,1,29.0,2026-02-14 10:57:20.000000 UTC
150,true,No,1,1,29.5,2023-01-02 10:39:45.000000 UTC
760,true,No,1,1,29.7,2024-12-17 13:57:39.000000 UTC
586,true,No,1,1,30.0,2024-05-20 14:19:48.000000 UTC
439,true,No,1,1,30.5,2023-11-19 08:19:52.000000 UTC
720,true,No,1,1,32.0,2024-11-20 19:24:11.000000 UTC
489,true,No,1,1,32.5,2023-12-23 20:14:45.000000 UTC
626,true,No,1,1,33.0,2024-07-25 10:45:35.000000 UTC
762,true,No,1,1,33.0,2024-12-18 08:23:14.000000 UTC
740,true,No,1,1,33.0,2024-12-09 22:27:49.000000 UTC
896,true,No,1,1,33.5,2025-07-04 10:20:13.000000 UTC
610,true,No,1,1,34.0,2024-06-27 16:29:08.000000 UTC
498,true,No,1,1,34.5,2024-01-10 10:11:34.000000 UTC
375,true,No,1,1,36.5,2023-08-28 11:48:17.000000 UTC
819,true,No,1,1,36.5,2025-03-02 16:05:55.000000 UTC
782,true,No,1,1,37.5,2025-01-14 16:54:55.000000 UTC
412,true,No,1,1,37.5,2023-10-16 04:09:54.000000 UTC
788,true,No,1,1,38.0,2025-01-21 08:21:34.000000 UTC
525,true,No,1,1,38.0,2024-02-23 14:44:17.000000 UTC
783,true,No,1,1,38.5,2025-01-15 12:16:57.000000 UTC
400,true,No,1,1,39.5,2023-09-20 11:47:19.000000 UTC
1017,true,No,1,1,40.14,2026-01-16 17:09:31.000000 UTC
382,true,No,1,1,41.5,2023-09-02 08:32:08.000000 UTC
418,true,No,1,1,41.5,2023-10-22 16:43:42.000000 UTC
585,true,No,1,1,42.0,2024-05-20 06:41:18.000000 UTC
702,true,No,1,1,42.0,2024-10-24 17:03:49.000000 UTC
785,true,No,1,1,42.0,2025-01-18 16:04:32.000000 UTC
423,true,No,1,1,42.5,2023-10-27 15:33:02.000000 UTC
700,true,No,1,1,43.0,2024-10-20 06:43:40.000000 UTC
554,true,No,1,1,43.0,2024-04-03 14:37:29.000000 UTC
567,true,No,1,1,43.0,2024-04-28 13:39:06.000000 UTC
619,true,No,1,1,43.0,2024-07-15 08:38:08.000000 UTC
883,true,No,1,1,44.0,2025-06-16 15:45:24.000000 UTC
696,true,No,1,1,44.0,2024-10-14 08:53:48.000000 UTC
666,true,No,1,1,44.0,2024-08-24 07:59:38.000000 UTC
425,true,No,1,1,44.5,2023-10-31 05:21:23.000000 UTC
433,true,No,1,1,45.5,2023-11-11 22:05:37.000000 UTC
858,true,No,1,1,46.0,2025-05-04 19:40:50.000000 UTC
1032,true,No,1,1,46.0,2026-02-17 11:31:26.000000 UTC
629,true,No,1,1,46.0,2024-07-27 14:42:01.000000 UTC
706,true,No,1,1,46.0,2024-10-30 10:04:08.000000 UTC
630,true,No,1,1,46.0,2024-07-29 20:24:31.000000 UTC
695,true,No,1,1,47.0,2024-10-11 13:34:22.000000 UTC
860,true,No,1,1,47.0,2025-05-07 12:37:19.000000 UTC
737,true,No,1,1,47.0,2024-12-05 21:42:44.000000 UTC
791,true,No,1,1,48.0,2025-01-23 19:53:19.000000 UTC
476,true,No,1,1,48.5,2023-12-17 10:15:12.000000 UTC
276,true,No,1,1,49.0,2023-06-16 07:52:13.000000 UTC
447,true,No,1,1,49.5,2023-11-30 13:54:39.000000 UTC
769,true,No,1,1,50.0,2024-12-19 23:11:54.000000 UTC
576,true,No,1,1,50.0,2024-05-06 16:35:50.000000 UTC
747,true,No,1,1,51.0,2024-12-13 09:06:34.000000 UTC
537,true,No,1,1,52.0,2024-03-13 21:10:52.000000 UTC
790,true,No,1,1,52.0,2025-01-23 15:21:23.000000 UTC
810,true,No,1,1,52.0,2025-02-20 20:58:23.000000 UTC
588,true,No,1,1,52.0,2024-05-27 18:14:37.000000 UTC
426,true,No,1,1,52.5,2023-11-03 18:32:13.000000 UTC
356,true,No,1,1,52.5,2023-08-10 05:22:05.000000 UTC
806,true,No,1,1,53.0,2025-02-16 18:11:17.000000 UTC
607,true,No,1,1,55.0,2024-06-25 13:46:09.000000 UTC
625,true,No,1,1,55.5,2024-07-23 22:44:12.000000 UTC
724,true,No,1,1,55.5,2024-11-25 19:01:19.000000 UTC
859,true,No,1,1,56.0,2025-05-06 15:44:09.000000 UTC
472,true,No,1,1,56.5,2023-12-15 18:27:21.000000 UTC
494,true,No,1,1,56.5,2024-01-05 17:42:34.000000 UTC
393,true,No,1,1,56.5,2023-09-14 13:56:27.000000 UTC
467,true,No,1,1,56.5,2023-12-13 19:47:16.000000 UTC
390,true,No,1,1,56.5,2023-09-12 08:25:30.000000 UTC
529,true,No,1,1,57.0,2024-02-28 19:58:46.000000 UTC
632,true,No,1,1,57.0,2024-07-30 14:32:09.000000 UTC
741,true,No,1,1,57.0,2024-12-10 08:05:50.000000 UTC
730,true,No,1,1,57.0,2024-11-30 17:26:48.000000 UTC
658,true,No,1,1,57.0,2024-08-17 12:22:47.000000 UTC
392,true,No,1,1,57.4,2023-09-13 07:38:59.000000 UTC
434,true,No,1,1,57.4,2023-11-12 23:34:41.000000 UTC
473,true,No,1,1,57.4,2023-12-15 19:46:16.000000 UTC
419,true,No,1,1,57.5,2023-10-23 17:17:30.000000 UTC
717,true,No,1,1,58.0,2024-11-14 15:03:28.000000 UTC
1008,true,No,1,1,58.0,2025-12-27 12:24:45.000000 UTC
519,true,No,1,1,58.0,2024-02-20 17:53:02.000000 UTC
442,true,No,1,1,58.5,2023-11-23 14:49:30.000000 UTC
857,true,No,1,1,59.0,2025-05-04 08:38:21.000000 UTC
422,true,No,1,1,60.5,2023-10-26 08:47:28.000000 UTC
540,true,No,1,1,61.0,2024-03-18 09:05:21.000000 UTC
604,true,No,1,1,61.0,2024-06-20 17:36:01.000000 UTC
598,true,No,1,1,61.0,2024-06-12 18:19:12.000000 UTC
727,true,No,1,1,62.0,2024-11-27 14:09:59.000000 UTC
884,true,No,1,1,63.0,2025-06-17 08:27:41.000000 UTC
827,true,No,1,1,63.0,2025-03-24 17:36:26.000000 UTC
811,true,No,1,1,63.0,2025-02-22 15:26:56.000000 UTC
803,true,No,1,1,63.0,2025-02-13 15:34:44.000000 UTC
448,true,No,1,1,64.0,2023-11-30 20:30:22.000000 UTC
836,true,No,1,1,64.0,2025-04-04 18:44:03.000000 UTC
307,true,No,1,1,64.45,2023-07-08 06:39:52.000000 UTC
814,true,No,1,1,64.5,2025-02-26 13:57:12.000000 UTC
1010,true,No,1,1,65.0,2026-01-02 18:48:51.000000 UTC
752,true,No,1,1,66.0,2024-12-14 10:31:51.000000 UTC
823,true,No,1,1,66.0,2025-03-10 18:47:14.000000 UTC
729,true,No,1,1,66.0,2024-11-28 20:24:35.000000 UTC
744,true,No,1,1,66.0,2024-12-11 15:00:04.000000 UTC
303,true,No,1,1,66.45,2023-07-05 13:51:59.000000 UTC
480,true,No,1,1,66.5,2023-12-18 13:54:38.000000 UTC
463,true,No,1,1,66.5,2023-12-11 20:06:27.000000 UTC
681,true,No,1,1,66.5,2024-09-16 15:56:31.000000 UTC
606,true,No,1,1,67.0,2024-06-24 11:36:05.000000 UTC
779,false,No,1,1,67.0,2025-01-12 16:33:27.000000 UTC
726,true,No,1,1,67.0,2024-11-27 13:13:01.000000 UTC
670,true,No,1,1,67.0,2024-09-02 08:37:45.000000 UTC
678,true,No,1,1,67.5,2024-09-14 21:38:14.000000 UTC
1014,true,No,1,1,67.5,2026-01-12 21:40:16.000000 UTC
1024,true,No,1,1,68.0,2026-01-28 15:13:59.000000 UTC
327,true,No,1,1,68.5,2023-07-21 10:41:30.000000 UTC
470,true,No,1,1,68.5,2023-12-14 21:36:06.000000 UTC
351,true,No,1,1,68.5,2023-08-08 20:58:40.000000 UTC
380,true,No,1,1,69.0,2023-09-01 06:28:17.000000 UTC
368,true,No,1,1,69.0,2023-08-17 18:08:46.000000 UTC
560,true,No,1,1,69.0,2024-04-10 20:11:34.000000 UTC
892,true,No,1,1,69.5,2025-06-25 20:50:51.000000 UTC
664,true,No,1,1,70.5,2024-08-21 18:21:59.000000 UTC
620,true,No,1,1,71.0,2024-07-15 12:46:54.000000 UTC
336,true,No,1,1,71.95,2023-07-28 14:19:19.000000 UTC
947,true,No,1,1,72.0,2025-10-21 15:52:18.000000 UTC
547,true,No,1,1,72.0,2024-03-23 19:50:35.000000 UTC
1012,true,No,1,1,75.0,2026-01-08 20:00:52.000000 UTC
361,true,No,1,1,75.5,2023-08-13 16:17:19.000000 UTC
881,true,No,1,1,76.0,2025-06-13 14:34:46.000000 UTC
796,true,No,1,1,80.0,2025-02-03 13:03:10.000000 UTC
719,true,No,1,1,80.0,2024-11-20 13:07:33.000000 UTC
616,true,No,1,1,80.0,2024-07-09 08:34:25.000000 UTC
728,true,No,1,1,80.0,2024-11-28 01:06:48.000000 UTC
768,true,No,1,1,80.0,2024-12-19 18:48:34.000000 UTC
449,true,No,1,1,80.0,2023-11-30 21:19:15.000000 UTC
226,true,No,1,1,80.0,2023-04-28 12:48:35.000000 UTC
895,true,No,1,1,80.0,2025-06-30 14:34:24.000000 UTC
898,true,No,1,1,80.0,2025-07-07 16:30:11.000000 UTC
319,true,No,1,1,80.5,2023-07-16 20:15:24.000000 UTC
455,true,No,1,1,80.5,2023-12-05 12:29:36.000000 UTC
378,true,No,1,1,80.5,2023-08-29 14:32:15.000000 UTC
886,true,No,1,1,81.0,2025-06-20 12:35:48.000000 UTC
753,true,No,1,1,81.0,2024-12-14 17:25:33.000000 UTC
408,true,No,1,1,81.0,2023-10-03 16:16:35.000000 UTC
656,true,No,1,1,81.0,2024-08-09 15:29:41.000000 UTC
868,true,No,1,1,81.0,2025-05-16 21:27:49.000000 UTC
555,true,No,1,1,81.0,2024-04-03 19:07:31.000000 UTC
714,true,No,1,1,81.0,2024-11-12 08:35:03.000000 UTC
371,true,No,1,1,81.95,2023-08-23 21:12:43.000000 UTC
414,true,No,1,1,82.0,2023-10-18 09:43:15.000000 UTC
780,true,No,1,1,82.0,2025-01-12 22:56:42.000000 UTC
1000,true,No,1,1,82.0,2025-12-17 16:47:50.000000 UTC
725,true,No,1,1,82.0,2024-11-26 16:40:53.000000 UTC
402,true,No,1,1,82.5,2023-09-20 20:24:20.000000 UTC
359,true,No,1,1,82.5,2023-08-12 12:54:29.000000 UTC
355,true,No,1,1,82.95,2023-08-09 20:02:55.000000 UTC
697,true,No,1,1,83.0,2024-10-14 19:30:57.000000 UTC
550,true,No,1,1,83.0,2024-03-26 12:04:44.000000 UTC
492,true,No,1,1,83.0,2023-12-29 10:49:17.000000 UTC
398,true,No,1,1,83.5,2023-09-18 17:40:15.000000 UTC
615,true,No,1,1,84.0,2024-07-06 15:08:21.000000 UTC
548,true,No,1,1,84.0,2024-03-24 14:22:03.000000 UTC
838,true,No,1,1,84.0,2025-04-13 20:58:56.000000 UTC
1022,true,No,1,1,84.0,2026-01-22 23:30:44.000000 UTC
539,true,No,1,1,84.0,2024-03-17 13:01:03.000000 UTC
684,true,No,1,1,84.0,2024-09-20 18:58:21.000000 UTC
774,true,No,1,1,84.0,2025-01-01 23:23:43.000000 UTC
880,true,No,1,1,84.0,2025-06-13 13:21:08.000000 UTC
829,true,No,1,1,84.0,2025-03-29 08:28:23.000000 UTC
862,true,No,1,1,84.0,2025-05-11 16:16:53.000000 UTC
369,true,No,1,1,84.4,2023-08-19 09:36:47.000000 UTC
350,true,No,1,1,84.5,2023-08-08 10:02:13.000000 UTC
348,true,No,1,1,84.5,2023-08-04 22:14:35.000000 UTC
406,true,No,1,1,84.5,2023-10-01 16:09:41.000000 UTC
504,true,No,1,1,84.5,2024-01-26 14:22:28.000000 UTC
507,true,No,1,1,84.5,2024-02-01 13:22:11.000000 UTC
110,true,No,1,1,84.5,2022-11-21 18:16:11.000000 UTC
372,true,No,1,1,84.5,2023-08-27 18:21:13.000000 UTC
381,true,No,1,1,84.5,2023-09-01 16:16:59.000000 UTC
248,true,No,1,1,84.5,2023-05-23 05:56:40.000000 UTC
376,true,No,1,1,84.5,2023-08-28 17:12:12.000000 UTC
885,true,No,1,1,85.0,2025-06-17 21:44:46.000000 UTC
662,true,No,1,1,85.0,2024-08-19 17:33:48.000000 UTC
663,true,No,1,1,85.0,2024-08-20 20:12:41.000000 UTC
818,true,No,1,1,86.0,2025-02-28 16:37:03.000000 UTC
530,true,No,1,1,86.0,2024-03-03 12:11:27.000000 UTC
835,true,No,1,1,86.0,2025-04-03 18:44:24.000000 UTC
731,true,No,1,1,86.0,2024-12-03 09:49:42.000000 UTC
181,true,No,1,1,86.5,2023-02-19 10:24:27.000000 UTC
532,true,No,1,1,87.0,2024-03-04 18:51:12.000000 UTC
564,true,No,1,1,87.0,2024-04-21 19:49:43.000000 UTC
293,true,No,1,1,87.0,2023-06-30 15:38:52.000000 UTC
688,true,No,1,1,87.0,2024-09-30 09:53:56.000000 UTC
399,true,No,1,1,87.5,2023-09-19 10:33:49.000000 UTC
415,true,No,1,1,87.5,2023-10-19 09:47:32.000000 UTC
789,true,No,1,1,88.0,2025-01-22 19:53:48.000000 UTC
748,true,No,1,1,88.0,2024-12-13 10:37:42.000000 UTC
574,true,No,1,1,88.0,2024-05-05 14:03:53.000000 UTC
758,true,No,1,1,88.0,2024-12-17 11:17:20.000000 UTC
668,true,No,1,1,88.0,2024-08-30 11:45:16.000000 UTC
427,true,No,1,1,88.0,2023-11-04 11:51:21.000000 UTC
366,true,No,1,1,88.2,2023-08-17 14:09:57.000000 UTC
329,true,No,1,1,88.35,2023-07-23 15:01:13.000000 UTC
556,true,No,1,1,89.0,2024-04-05 15:47:32.000000 UTC
452,true,No,1,1,89.0,2023-12-03 11:18:33.000000 UTC
520,true,No,1,1,89.0,2024-02-20 19:10:35.000000 UTC
413,true,No,1,1,89.95,2023-10-16 17:46:57.000000 UTC
828,true,No,1,1,90.0,2025-03-26 16:41:56.000000 UTC
543,true,No,1,1,90.0,2024-03-19 07:11:54.000000 UTC
798,true,No,1,1,90.0,2025-02-04 12:53:20.000000 UTC
673,true,No,1,1,91.0,2024-09-10 15:01:20.000000 UTC
370,true,No,1,1,92.0,2023-08-22 11:09:19.000000 UTC
478,true,No,1,1,92.0,2023-12-17 16:47:05.000000 UTC
617,true,No,1,1,92.0,2024-07-09 13:15:37.000000 UTC
499,true,No,1,1,92.0,2024-01-11 09:26:00.000000 UTC
773,true,No,1,1,92.0,2024-12-30 00:24:58.000000 UTC
558,true,No,1,1,92.0,2024-04-10 07:00:28.000000 UTC
661,true,No,1,1,92.0,2024-08-18 17:43:49.000000 UTC
483,true,No,1,1,92.7,2023-12-18 21:49:33.000000 UTC
471,true,No,1,1,92.85,2023-12-15 15:22:22.000000 UTC
187,true,No,1,1,93.0,2023-02-26 16:16:30.000000 UTC
792,true,No,1,1,93.0,2025-02-01 22:21:42.000000 UTC
432,true,No,1,1,93.0,2023-11-10 14:08:51.000000 UTC
709,true,No,1,1,93.0,2024-11-02 13:45:01.000000 UTC
778,true,No,1,1,94.0,2025-01-11 09:40:25.000000 UTC
718,true,No,1,1,94.0,2024-11-19 13:33:18.000000 UTC
802,true,No,1,1,94.0,2025-02-08 17:47:21.000000 UTC
589,true,No,1,1,95.0,2024-05-29 15:46:42.000000 UTC
627,true,No,1,1,95.0,2024-07-25 20:55:00.000000 UTC
655,true,No,1,1,95.0,2024-08-09 12:03:09.000000 UTC
863,true,No,1,1,95.0,2025-05-14 09:13:12.000000 UTC
660,true,No,1,1,95.0,2024-08-18 11:13:59.000000 UTC
694,true,No,1,1,95.0,2024-10-11 09:20:44.000000 UTC
621,true,No,1,1,95.0,2024-07-18 15:49:23.000000 UTC
436,true,No,1,1,96.0,2023-11-15 18:23:40.000000 UTC
596,true,No,1,1,97.0,2024-06-10 17:33:01.000000 UTC
339,true,No,1,1,97.0,2023-07-31 13:47:33.000000 UTC
667,true,No,1,1,97.0,2024-08-30 08:11:14.000000 UTC
446,true,No,1,1,98.0,2023-11-29 18:09:09.000000 UTC
704,true,No,1,1,98.0,2024-10-29 18:47:24.000000 UTC
712,true,No,1,1,99.0,2024-11-09 16:48:02.000000 UTC
674,true,No,1,1,99.0,2024-09-11 04:27:21.000000 UTC
777,true,No,1,1,100.0,2025-01-09 16:39:11.000000 UTC
526,true,No,1,1,100.0,2024-02-25 20:35:57.000000 UTC
318,true,No,1,1,100.0,2023-07-15 16:15:03.000000 UTC
401,true,No,1,1,100.0,2023-09-20 15:27:44.000000 UTC
888,true,No,1,1,101.0,2025-06-22 19:49:11.000000 UTC
338,true,No,1,1,101.0,2023-07-31 08:08:24.000000 UTC
518,true,No,1,1,102.0,2024-02-19 10:29:18.000000 UTC
444,true,No,1,1,102.0,2023-11-26 14:54:13.000000 UTC
831,true,No,1,1,102.62,2025-03-31 21:12:25.000000 UTC
852,true,No,1,1,104.0,2025-04-21 17:35:37.000000 UTC
477,true,No,1,1,104.0,2023-12-17 12:47:27.000000 UTC
721,true,No,1,1,105.0,2024-11-23 17:01:36.000000 UTC
722,true,No,1,1,105.0,2024-11-24 23:19:15.000000 UTC
710,true,No,1,1,105.0,2024-11-04 06:10:54.000000 UTC
775,true,No,1,1,105.0,2025-01-03 21:43:27.000000 UTC
761,true,No,1,1,105.0,2024-12-17 16:31:39.000000 UTC
701,true,No,1,1,105.0,2024-10-21 17:27:47.000000 UTC
739,true,No,1,1,106.0,2024-12-09 20:43:44.000000 UTC
491,true,No,1,1,106.0,2023-12-28 10:16:32.000000 UTC
850,true,No,1,1,106.83,2025-04-20 13:13:09.000000 UTC
679,true,No,1,1,107.0,2024-09-15 08:05:16.000000 UTC
553,true,No,1,1,107.0,2024-04-03 06:18:35.000000 UTC
461,true,No,1,1,107.5,2023-12-10 12:06:17.000000 UTC
579,true,No,1,1,108.0,2024-05-08 13:14:36.000000 UTC
1007,true,No,1,1,108.0,2025-12-23 20:14:28.000000 UTC
833,true,No,1,1,109.5,2025-04-02 20:40:17.000000 UTC
659,true,No,1,1,110.0,2024-08-17 18:21:14.000000 UTC
1030,true,No,1,1,111.0,2026-02-14 10:57:18.000000 UTC
557,true,No,1,1,111.0,2024-04-07 11:02:18.000000 UTC
750,true,No,1,1,112.0,2024-12-13 13:18:23.000000 UTC
612,true,No,1,1,112.0,2024-07-03 18:33:50.000000 UTC
711,true,No,1,1,112.0,2024-11-05 20:10:36.000000 UTC
565,true,No,1,1,113.0,2024-04-24 16:28:10.000000 UTC
693,true,No,1,1,113.0,2024-10-10 05:31:09.000000 UTC
738,true,No,1,1,114.0,2024-12-09 15:22:59.000000 UTC
516,true,No,1,1,114.0,2024-02-16 08:44:04.000000 UTC
808,true,No,1,1,114.0,2025-02-19 12:41:00.000000 UTC
94,true,No,1,1,114.0,2022-10-03 22:35:40.000000 UTC
622,true,No,1,1,115.0,2024-07-21 11:08:44.000000 UTC
572,true,No,1,1,116.0,2024-05-03 22:25:40.000000 UTC
766,true,No,1,1,116.0,2024-12-19 09:25:16.000000 UTC
541,true,No,1,1,116.0,2024-03-18 14:39:02.000000 UTC
854,true,No,1,1,117.0,2025-04-28 00:18:27.000000 UTC
193,true,No,1,1,117.0,2023-03-02 09:43:36.000000 UTC
595,true,No,1,1,118.0,2024-06-07 10:59:44.000000 UTC
571,true,No,1,1,118.0,2024-05-03 08:05:27.000000 UTC
611,true,No,1,1,118.0,2024-07-02 14:48:45.000000 UTC
599,true,No,1,1,118.0,2024-06-13 12:23:33.000000 UTC
364,true,No,1,1,118.5,2023-08-15 12:20:08.000000 UTC
441,true,No,1,1,119.0,2023-11-20 18:21:14.000000 UTC
542,true,No,1,1,120.0,2024-03-18 16:22:01.000000 UTC
591,true,No,1,1,120.0,2024-05-31 16:46:08.000000 UTC
1019,true,No,1,1,120.0,2026-01-17 22:33:01.000000 UTC
536,true,No,1,1,121.0,2024-03-13 08:03:11.000000 UTC
445,true,No,1,1,122.0,2023-11-29 10:14:40.000000 UTC
538,true,No,1,1,123.0,2024-03-15 11:16:58.000000 UTC
844,true,No,1,1,124.0,2025-04-18 15:16:35.000000 UTC
490,true,No,1,1,124.0,2023-12-25 19:03:19.000000 UTC
873,true,No,1,1,125.0,2025-05-25 13:19:06.000000 UTC
163,true,No,1,1,126.0,2023-01-30 19:48:14.000000 UTC
1011,true,No,1,1,128.36,2026-01-08 14:49:08.000000 UTC
832,true,No,1,1,130.0,2025-04-02 18:28:59.000000 UTC
866,true,No,1,1,130.0,2025-05-15 14:41:43.000000 UTC
521,true,No,1,1,130.0,2024-02-20 19:19:41.000000 UTC
597,true,No,1,1,131.0,2024-06-12 09:25:00.000000 UTC
882,true,No,1,1,131.0,2025-06-15 10:53:36.000000 UTC
584,true,No,1,1,132.0,2024-05-19 20:01:09.000000 UTC
1020,true,No,1,1,132.0,2026-01-21 11:01:14.000000 UTC
937,true,No,1,1,134.0,2025-09-23 12:30:48.000000 UTC
531,true,No,1,1,136.0,2024-03-03 20:48:32.000000 UTC
566,true,No,1,1,136.0,2024-04-24 22:17:51.000000 UTC
699,true,No,1,1,137.0,2024-10-18 10:19:11.000000 UTC
708,true,No,1,1,138.0,2024-11-02 13:16:14.000000 UTC
948,true,No,1,1,138.0,2025-10-21 18:09:19.000000 UTC
686,true,No,1,1,138.0,2024-09-23 20:19:47.000000 UTC
395,true,No,1,1,138.5,2023-09-15 13:48:11.000000 UTC
842,true,No,1,1,141.0,2025-04-17 20:21:15.000000 UTC
239,true,No,1,1,142.6,2023-05-12 12:10:09.000000 UTC
497,true,No,1,1,143.0,2024-01-09 16:31:43.000000 UTC
152,true,No,1,1,145.0,2023-01-06 21:36:06.000000 UTC
734,true,No,1,1,145.0,2024-12-04 19:07:13.000000 UTC
349,true,No,1,1,148.0,2023-08-06 08:28:50.000000 UTC
786,true,No,1,1,151.0,2025-01-19 21:55:44.000000 UTC
593,true,No,1,1,151.0,2024-06-05 16:18:17.000000 UTC
222,true,No,1,1,153.0,2023-04-25 09:36:15.000000 UTC
841,true,No,1,1,154.5,2025-04-17 10:48:38.000000 UTC
570,true,No,1,1,156.0,2024-05-01 09:48:59.000000 UTC
618,true,No,1,1,160.5,2024-07-12 20:22:45.000000 UTC
431,true,No,1,1,161.5,2023-11-08 16:56:40.000000 UTC
605,true,No,1,1,162.0,2024-06-23 10:15:36.000000 UTC
821,true,No,1,1,163.0,2025-03-02 21:29:10.000000 UTC
501,true,No,1,1,166.0,2024-01-20 21:36:15.000000 UTC
407,true,No,1,1,167.0,2023-10-03 13:49:56.000000 UTC
344,true,No,1,1,171.0,2023-08-02 11:23:51.000000 UTC
544,true,No,1,1,172.0,2024-03-19 16:38:59.000000 UTC
732,true,No,1,1,174.0,2024-12-03 16:09:47.000000 UTC
459,true,No,1,1,175.0,2023-12-09 15:06:32.000000 UTC
517,true,No,1,1,176.0,2024-02-16 14:13:04.000000 UTC
793,true,No,1,1,180.0,2025-02-02 15:46:50.000000 UTC
609,true,No,1,1,181.0,2024-06-26 13:32:51.000000 UTC
294,true,No,1,1,181.4,2023-07-01 08:57:34.000000 UTC
552,true,No,1,1,182.0,2024-04-01 15:03:33.000000 UTC
754,true,No,1,1,183.0,2024-12-15 20:41:57.000000 UTC
815,true,No,1,1,184.0,2025-02-26 23:39:53.000000 UTC
745,true,No,1,1,186.0,2024-12-12 17:14:14.000000 UTC
893,true,No,1,1,195.0,2025-06-29 21:00:20.000000 UTC
749,true,No,1,1,195.0,2024-12-13 11:54:53.000000 UTC
528,true,No,1,1,195.0,2024-02-27 20:01:36.000000 UTC
232,true,No,1,1,198.0,2023-05-04 13:40:37.000000 UTC
428,true,No,1,1,203.0,2023-11-06 09:19:00.000000 UTC
826,true,No,1,1,206.0,2025-03-22 20:06:15.000000 UTC
757,true,No,1,1,207.0,2024-12-17 10:41:48.000000 UTC
580,true,No,1,1,213.0,2024-05-11 16:38:21.000000 UTC
506,true,No,1,1,214.0,2024-01-31 23:12:44.000000 UTC
592,true,No,1,1,220.0,2024-06-01 18:41:53.000000 UTC
270,true,No,1,1,225.0,2023-06-09 09:01:29.000000 UTC
764,true,No,1,1,230.0,2024-12-18 20:14:11.000000 UTC
464,true,No,1,1,233.1,2023-12-12 08:45:30.000000 UTC
465,true,No,1,1,234.0,2023-12-12 14:35:20.000000 UTC
469,true,No,1,1,240.0,2023-12-14 16:10:59.000000 UTC
578,true,No,1,1,274.0,2024-05-06 22:54:58.000000 UTC
875,true,No,1,1,275.0,2025-05-30 16:16:47.000000 UTC
602,true,No,1,1,276.0,2024-06-18 21:39:50.000000 UTC
367,true,No,1,1,280.0,2023-08-17 14:24:50.000000 UTC
781,true,No,1,1,281.0,2025-01-14 14:09:57.000000 UTC
1026,true,No,1,1,283.0,2026-01-30 17:42:05.000000 UTC
551,true,No,1,1,315.0,2024-03-28 11:51:25.000000 UTC
856,true,No,1,1,324.0,2025-05-02 15:59:11.000000 UTC
438,true,No,1,1,344.5,2023-11-16 14:17:41.000000 UTC
379,true,No,1,1,354.0,2023-08-31 14:59:56.000000 UTC
608,true,No,1,1,377.0,2024-06-25 14:54:22.000000 UTC
834,true,No,1,1,394.74,2025-04-02 20:42:48.000000 UTC
909,true,No,0,2,482.0,2025-07-24 15:11:19.000000 UTC
715,true,No,0,2,344.0,2024-11-12 15:35:02.000000 UTC
770,false,No,0,2,212.95,2024-12-20 09:15:28.000000 UTC
959,true,No,0,2,171.0,2025-11-20 13:48:51.000000 UTC
914,true,No,0,2,149.0,2025-08-06 17:41:15.000000 UTC
457,false,No,0,2,122.0,2023-12-08 10:48:43.000000 UTC
335,true,No,0,2,45.5,2023-07-26 11:50:14.000000 UTC
164,true,No,1,2,214.0,2023-01-31 11:19:32.000000 UTC
713,true,No,1,2,166.0,2024-11-11 09:52:49.000000 UTC
877,true,No,1,2,130.0,2025-06-06 17:57:15.000000 UTC
771,true,No,1,2,91.0,2024-12-23 19:04:33.000000 UTC
872,true,No,1,2,123.0,2025-05-22 04:29:52.000000 UTC
871,true,No,1,2,150.0,2025-05-21 06:45:12.000000 UTC
481,true,No,1,2,148.5,2023-12-18 14:55:40.000000 UTC
723,true,No,1,2,170.34,2024-11-25 16:06:45.000000 UTC
460,true,No,1,2,123.0,2023-12-09 16:41:11.000000 UTC
249,true,No,1,2,168.95,2023-05-23 09:12:28.000000 UTC
306,true,No,1,2,168.0,2023-07-07 13:30:36.000000 UTC
135,true,No,1,2,233.0,2022-12-13 13:26:59.000000 UTC
669,true,No,1,2,224.07,2024-08-31 10:16:35.000000 UTC
440,true,Yes,2,2,101.5,2023-11-19 20:11:18.000000 UTC
946,true,No,1,2,195.0,2025-10-21 08:31:57.000000 UTC
583,true,Yes,2,2,110.0,2024-05-15 15:04:03.000000 UTC
429,true,No,1,2,223.0,2023-11-06 10:58:33.000000 UTC
894,true,No,1,2,208.0,2025-06-30 08:28:16.000000 UTC
767,true,Yes,2,2,115.0,2024-12-19 15:08:56.000000 UTC
374,true,Yes,2,2,116.5,2023-08-28 06:28:02.000000 UTC
890,true,No,1,2,286.0,2025-06-23 14:01:15.000000 UTC
482,true,Yes,2,2,118.5,2023-12-18 17:29:26.000000 UTC
577,true,Yes,2,2,122.0,2024-05-06 16:59:41.000000 UTC
475,true,Yes,2,2,122.0,2023-12-16 16:57:09.000000 UTC
437,true,Yes,2,2,127.0,2023-11-15 21:43:47.000000 UTC
988,true,No,1,2,236.0,2025-12-13 11:44:27.000000 UTC
386,true,No,1,2,304.9,2023-09-07 19:22:07.000000 UTC
776,true,No,1,2,276.0,2025-01-06 14:25:21.000000 UTC
743,true,Yes,2,2,147.17000000000002,2024-12-11 07:06:26.000000 UTC
839,true,No,1,2,270.1,2025-04-14 09:50:05.000000 UTC
430,true,No,1,2,305.0,2023-11-07 23:49:12.000000 UTC
496,true,Yes,2,2,159.0,2024-01-09 08:30:54.000000 UTC
511,true,No,1,2,324.0,2024-02-08 22:30:40.000000 UTC
151,true,Yes,2,2,163.0,2023-01-03 19:51:58.000000 UTC
801,true,Yes,2,2,168.0,2025-02-06 12:38:30.000000 UTC
292,true,Yes,2,2,169.0,2023-06-30 13:13:58.000000 UTC
410,true,Yes,2,2,174.5,2023-10-10 17:27:33.000000 UTC
957,true,Yes,2,2,175.0,2025-11-09 18:40:35.000000 UTC
373,true,Yes,2,2,186.5,2023-08-27 19:55:48.000000 UTC
878,true,Yes,2,2,187.0,2025-06-10 13:10:25.000000 UTC
523,true,Yes,2,2,188.0,2024-02-21 09:04:14.000000 UTC
453,true,Yes,2,2,189.5,2023-12-04 19:15:48.000000 UTC
342,true,Yes,2,2,192.0,2023-08-01 13:10:31.000000 UTC
450,true,Yes,2,2,194.0,2023-12-01 12:30:18.000000 UTC
387,true,Yes,2,2,197.4,2023-09-07 19:25:38.000000 UTC
601,true,Yes,2,2,198.0,2024-06-14 11:36:50.000000 UTC
443,true,No,1,2,282.0,2023-11-25 18:32:37.000000 UTC
800,true,Yes,2,2,200.0,2025-02-05 21:49:21.000000 UTC
227,true,Yes,2,2,202.0,2023-04-29 07:50:19.000000 UTC
590,true,Yes,2,2,204.0,2024-05-31 12:15:15.000000 UTC
672,true,Yes,2,2,204.5,2024-09-09 18:40:45.000000 UTC
685,true,Yes,2,2,210.0,2024-09-21 06:39:57.000000 UTC
830,true,Yes,2,2,211.0,2025-03-30 18:16:54.000000 UTC
354,true,Yes,2,2,212.5,2023-08-09 04:50:59.000000 UTC
388,true,Yes,2,2,216.0,2023-09-10 07:06:51.000000 UTC
805,true,Yes,2,2,218.0,2025-02-16 16:29:38.000000 UTC
416,true,Yes,2,2,224.9,2023-10-22 15:02:47.000000 UTC
755,true,Yes,2,2,225.0,2024-12-16 19:36:44.000000 UTC
509,true,Yes,2,2,237.5,2024-02-04 10:01:07.000000 UTC
1029,true,Yes,2,2,245.0,2026-02-04 20:19:25.000000 UTC
676,true,Yes,2,2,256.0,2024-09-12 21:49:55.000000 UTC
224,true,Yes,2,2,269.0,2023-04-25 19:29:27.000000 UTC
510,true,Yes,2,2,279.0,2024-02-05 20:47:18.000000 UTC
253,true,Yes,2,2,297.2,2023-05-27 06:14:47.000000 UTC
765,true,Yes,2,2,332.0,2024-12-18 20:55:39.000000 UTC
385,true,Yes,2,2,429.0,2023-09-07 14:15:10.000000 UTC
624,true,Yes,2,2,468.0,2024-07-22 06:20:57.000000 UTC
493,true,Yes,2,2,504.0,2024-01-04 19:59:15.000000 UTC
186,false,No,0,3,490.5,2023-02-26 13:45:14.000000 UTC
927,true,No,0,3,205.0,2025-09-01 18:35:18.000000 UTC
820,true,Yes,2,3,128.0,2025-03-02 20:05:12.000000 UTC
837,true,No,1,3,284.24,2025-04-05 16:32:49.000000 UTC
495,true,Yes,3,3,136.0,2024-01-07 21:18:26.000000 UTC
705,true,No,1,3,445.5,2024-10-30 07:45:40.000000 UTC
454,true,Yes,2,3,228.0,2023-12-05 07:45:45.000000 UTC
500,true,Yes,3,3,172.5,2024-01-15 16:09:52.000000 UTC
261,true,Yes,2,3,299.0,2023-06-04 04:46:53.000000 UTC
220,true,Yes,3,3,196.85,2023-04-23 10:42:30.000000 UTC
671,true,Yes,3,3,240.0,2024-09-03 18:35:57.000000 UTC
363,true,Yes,3,3,290.0,2023-08-15 09:07:19.000000 UTC
405,true,Yes,3,3,328.95,2023-09-30 14:38:43.000000 UTC
485,true,Yes,3,3,336.5,2023-12-19 13:09:32.000000 UTC
362,true,Yes,2,3,472.5,2023-08-14 18:00:33.000000 UTC
357,true,Yes,3,3,357.5,2023-08-10 13:01:28.000000 UTC
190,true,Yes,2,3,607.5,2023-02-28 13:51:50.000000 UTC
421,true,Yes,4,4,326.0,2023-10-25 17:46:41.000000 UTC
451,true,Yes,4,4,366.5,2023-12-01 16:26:52.000000 UTC
403,true,Yes,3,4,523.95,2023-09-28 07:35:26.000000 UTC
157,true,Yes,4,4,472.5,2023-01-17 10:07:48.000000 UTC
559,true,Yes,4,4,492.9,2024-04-10 17:48:40.000000 UTC
333,true,Yes,5,5,765.0,2023-07-25 06:16:58.000000 UTC
631,true,Yes,6,7,1342.0,2024-07-30 09:00:46.000000 UTC
81,true,Yes,8,11,1240.6499999999999,2022-07-19 13:36:41.000000 UTC
337,true,Yes,12,12,1264.0,2023-07-28 17:21:48.000000 UTC
316,true,Yes,22,22,799.72,2023-07-13 09:53:24.000000 UTC